id,id2,Census Tract,County,State,Median_income,Income Bracket,ENERGY BILL,ELEC BILL,GAS BILL,WATER BILL,energy burden,elec burden,gas bill,water bill,Total HH,"Less than $10,000","$10,000 to $14,999","$15,000 to $19,999","$20,000 to $24,999","$25,000 to $29,999","$30,000 to $34,999","$35,000 to $39,999","$40,000 to $44,999","$45,000 to $49,999","$50,000 to $59,999","$60,000 to $74,999","$75,000 to $99,999","$100,000 to $124,999","$125,000 to $149,999","$150,000 to $199,999","$200,000 or more",HH_Living costs (month),HH_Living Costs (annual),Poverty Rate,Population_Greater_Mile,Food_Desert,Elderly Living Alone,Rent Burden,Eviction Rates,Eviction Filings,Eviction Filing Rates,Transportation Burden,Lack of Health Insurance,Tree Canopy Coverage,Vacant Houses
1400000US36029990000,36029990000,9900,Erie,New York,-,16.1,4049.470588,1075.676471,2973.794118,780.4485294,NA,NA,NA,NA,2932,69,243,308,336,394,544,610,692,863,1113,1486,1987,2411,2632,2851,2932,Null,Null,0,Null,0,Null,0,0,0,0,0,Null,Null,Null
1400000US36029940100,36029940100,9401,Erie,New York,-,16.1,2006.044088,1177.442886,828.6012024,226.7995992,NA,NA,NA,NA,1396,106,325,462,539,632,758,856,948,993,1059,1173,1356,1386,1386,1386,1396,0,0,0,Null,0,Null,0,0,0,0,0.29,Null,Null,0
1400000US36029009110,36029009110,91.1,Erie,New York,3241,1.2,2230.096774,1046.709677,1183.387097,346.1935484,0.6880891,0.322958864,0.365130237,0.106816892,660,71,138,174,197,249,280,308,334,350,413,472,562,604,616,639,660,0,0,100,Null,1,Null,0,0,0,0,0.19,Null,Null,0.001515152
1400000US36029006201,36029006201,62.01,Erie,New York,3145,1.2,2067.329032,1052.670968,1014.658065,236.4709677,0.657338325,0.334712549,0.322625776,0.075189497,950,6,41,102,183,225,257,330,351,397,441,604,758,812,870,916,950,0,0,0,Null,0,0,0,0,0,0,0,Null,0.061490202,0.001052632
1400000US36029004602,36029004602,46.02,Erie,New York,4484,1.2,1634.469136,914.617284,719.8518519,228.9176955,0.364511404,0.203973525,0.16053788,0.051052118,0,0,0,0,0,0,0,0,0,0,0,0,0,0,0,0,0,0,0,11.1,Null,0,0,0,0,0,0,0.3,0,0.0865625,#DIV/0!
1400000US36029005202,36029005202,52.02,Erie,New York,11820,2.3,2686.876847,1477.241379,1209.635468,352.3546798,0.227316146,0.12497812,0.102338026,0.029810041,1034,46,131,196,276,337,402,496,593,630,782,894,999,999,1017,1034,1034,901,10812,40.9,Null,1,0.117579909,0.285,0.0056,29,0.0538,0.19,0.025,0.090799999,0.043520309
1400000US36029004402,36029004402,44.02,Erie,New York,12118,2.3,2070.895522,1060.343284,1010.552239,211.0447761,0.170894168,0.087501509,0.083392659,0.017415809,1428,316,427,615,690,847,895,920,984,1045,1098,1213,1308,1363,1406,1423,1428,370,4440,60.4,Null,0,0.140625,0.263,0,1133,1.1514,0.18,0.099,0.057867899,0.114145658
1400000US36029002702,36029002702,27.02,Erie,New York,12452,2.3,2060.713936,1107.696822,953.0171149,281.0220049,0.165492607,0.088957342,0.076535265,0.022568423,1678,333,572,652,756,827,901,996,1073,1126,1194,1319,1465,1582,1665,1678,1678,579,6948,50.6,Null,0,0.15060241,0.479,0.0123,181,0.2025,0.19,0.07,0.075478101,0.100715137
1400000US36029005700,36029005700,57,Erie,New York,14144,3.1,2953.090909,1483.022727,1470.068182,323.2982955,0.208787536,0.10485172,0.103935816,0.022857628,2116,45,71,105,212,268,306,350,404,439,566,750,915,1103,1364,1722,2116,591,7092,41.5,Null,0,0.071361502,0.267,0.0014,188,0.2681,0.2,0.023,0.109575996,0.056710775
1400000US36029002800,36029002800,28,Erie,New York,12850,2.4,1964.4,973.5111111,990.8888889,364.6851852,0.152871595,0.07575962,0.077111976,0.02838017,1360,189,399,506,576,648,814,879,946,1035,1146,1231,1274,1342,1342,1342,1360,645,7740,43.7,Null,0,0.067428571,0.37,0.0078,141,0.1834,0.2,0.073,0.090961199,0.091911765
1400000US36029005300,36029005300,53,Erie,New York,11620,2.3,2321.060241,1447.951807,873.1084337,593.9196787,0.199747009,0.124608589,0.075138419,0.051111848,1918,447,646,776,933,1055,1157,1221,1283,1326,1452,1558,1660,1825,1853,1889,1918,792,9504,26.7,Null,1,0.071691176,0.278,0,110,0.3532,0.2,0.016,0.220799999,0.032846715
1400000US36029014904,36029014904,149.04,Erie,New York,12161,2.3,2795.614148,1509.800643,1285.813505,813.9839228,0.229883574,0.124151027,0.105732547,0.066933963,2218,67,80,80,199,283,311,423,437,501,581,779,1081,1303,1514,1719,2218,0,0,0,Null,0,Null,0.158,0,0,0,0,Null,Null,0
1400000US36029003800,36029003800,38,Erie,New York,15646,3.2,1756.367089,943.3670886,813,274.5189873,0.112256621,0.060294458,0.051962163,0.017545634,1836,402,477,629,704,841,981,1058,1229,1281,1432,1580,1748,1831,1831,1831,1836,794,9528,41.1,Null,0,0.061206121,0.324,0.0177,95,0.1682,0.21,0.068,0.109722996,0.103485839
1400000US36029002400,36029002400,24,Erie,New York,20782,4.2,2006.044088,1177.442886,828.6012024,226.7995992,0.096527961,0.056656861,0.0398711,0.010913271,2252,209,328,502,612,816,859,984,1049,1094,1233,1390,1718,1872,2012,2223,2252,709,8508,36.6,Null,0,0.108478146,0.296,0.0131,122,0.1233,0.21,0.062,0.106079998,0.11722913
1400000US36029017100,36029017100,171,Erie,New York,14847,3.1,2706.222222,1369.555556,1336.666667,610.6666667,0.18227401,0.092244599,0.090029411,0.041130644,1243,65,138,165,183,253,270,319,355,410,627,777,954,1093,1141,1207,1243,756,9072,60,Null,0,0.092580433,0.411,0.0108,168,0.1518,0.2,0.11,0.121852999,0.232502011
1400000US36029003400,36029003400,34,Erie,New York,16640,3.3,2399.489362,1201.73617,1197.753191,177.8638298,0.144200082,0.072219722,0.07198036,0.010688932,1299,164,288,336,378,494,563,620,646,733,851,977,1166,1216,1235,1279,1299,808,9696,27.4,Null,0,0.126086957,0.388,0.0169,101,0.142,0.2,0.074,0.112467003,0.172440339
1400000US36029004700,36029004700,47,Erie,New York,16656,3.3,2717.484029,1320.412776,1397.071253,242.968059,0.16315346,0.079275503,0.083877957,0.014587419,1795,80,136,252,318,488,569,714,832,876,1088,1246,1517,1677,1743,1774,1795,737,8844,24.1,Null,0,0.102467587,0.46,0.007,147,0.0939,0.19,0.02,0.119448004,0.175487465
1400000US36029006100,36029006100,61,Erie,New York,17334,3.3,2128.428246,980.7744875,1147.653759,439.0318907,0.122789215,0.056580967,0.066208247,0.025327789,1279,35,71,99,146,219,246,292,320,345,415,518,726,958,1094,1246,1279,744,8928,43,Null,0,0.043213634,0.33,0.0062,159,0.1231,0.19,0.014,0.097883596,0.266614543
1400000US36029001600,36029001600,16,Erie,New York,14564,3.1,2280.987654,1120.691358,1160.296296,246.0967078,0.156618213,0.07694942,0.079668793,0.016897604,2544,0,9,40,40,60,181,235,264,306,430,774,1163,1510,1698,2159,2544,637,7644,54,Null,0,0.116451017,0.435,0.008,109,0.1091,0.19,0,0.078123598,0.116352201
1400000US36029001402,36029001402,14.02,Erie,New York,16250,3.3,1979.296188,892.6451613,1086.651026,448.6627566,0.121802842,0.05493201,0.066870832,0.027610016,2405,67,166,213,306,361,511,556,670,726,990,1163,1454,1787,1952,2283,2405,498,5976,38,Null,0,0.224951519,0.291,0.0021,581,0.4128,0.17,0,0.054349599,0.037006237
1400000US36029008300,36029008300,83,Erie,New York,15284,3.2,2472.527473,1204.404396,1268.123077,212.5714286,0.161772276,0.078801648,0.082970628,0.013908102,2301,116,133,159,217,290,332,403,468,523,675,826,1163,1486,1721,2074,2301,682,8184,34,Null,1,Null,0.295,0.0023,9,0.0102,0.2,0.182,Null,0.070838766
1400000US36029007102,36029007102,71.02,Erie,New York,18068,3.4,1948.9718,917.5444685,1031.427332,242.6941432,0.107868707,0.050782846,0.057085861,0.013432264,1489,84,101,145,173,207,268,347,403,410,541,704,883,1116,1275,1428,1489,711,8532,54.2,Null,0,0.098334655,0.33,0.0104,208,0.1806,0.16,0.065,0.077082901,0.060443251
1400000US36029009401,36029009401,94.01,Erie,New York,31625,6.3,1946.018519,1017.888889,928.1296296,208.1882716,0.061534182,0.03218621,0.029347972,0.006583028,1632,9,37,37,84,145,170,196,221,241,337,507,643,797,1062,1337,1632,1368,16416,8.4,Null,1,Null,0.238,0,2,0.0033,0.23,0,Null,0.020833333
1400000US36029004601,36029004601,46.01,Erie,New York,20217,4.2,1960.277027,1006.641892,953.6351351,251.7077703,0.096961816,0.049791853,0.047169963,0.012450303,2945,46,87,121,145,345,366,477,514,590,768,924,1356,1578,1829,2217,2945,948,11376,28.1,Null,0,0.088375796,0.286,0.003,23,0.0342,0.2,0,0.127151003,0.012903226
1400000US36029004001,36029004001,40.01,Erie,New York,20369,4.2,2030.742857,916.5362637,1114.206593,539.378022,0.09969772,0.044996625,0.054701094,0.026480339,1170,53,144,246,262,290,329,351,428,451,577,709,824,900,1036,1124,1170,757,9084,48,Null,1,0.150691953,0.349,0.0156,162,0.1483,0.19,0.061,0.134204998,0.328205128
1400000US36029005600,36029005600,56,Erie,New York,16076,3.2,1898.225352,940.7323944,957.4929577,422.685446,0.118078213,0.058517815,0.059560398,0.026292949,1649,75,150,209,314,392,469,493,522,619,871,1051,1285,1439,1588,1633,1649,640,7680,38,Null,0,0.097365407,0.254,0.008,578,0.514,0.2,0.041,0.074443498,0.053972104
1400000US36029006902,36029006902,69.02,Erie,New York,18503,3.4,2306.666667,830.7777778,1475.888889,288.7962963,0.124664469,0.044899626,0.079764843,0.01560808,914,52,112,196,291,317,345,407,462,489,573,682,775,857,914,914,914,748,8976,41.9,Null,0,0.197505198,0.414,0.0045,115,0.0865,0.17,0.023,0.105085001,0.276805252
1400000US36029001700,36029001700,17,Erie,New York,15095,3.2,2549.030995,1118.427406,1430.603589,486.502447,0.168865916,0.074092574,0.094773341,0.032229377,807,76,178,228,337,433,533,576,618,643,695,706,741,785,796,807,807,579,6948,32.1,Null,0,0.21751026,0.253,0.0021,27,0.0569,0.2,0.109,0.072280798,0.195786865
1400000US36029003000,36029003000,30,Erie,New York,19234,4.1,2593.028571,1070.651429,1522.377143,664.1866667,0.134814837,0.055664523,0.079150314,0.034531905,1367,280,457,591,665,675,767,837,849,931,1034,1130,1278,1332,1341,1367,1367,718,8616,42.6,Null,0,0.162661738,0.438,0.0143,70,0.1112,0.21,0.086,0.106503,0.045354792
1400000US36029012300,36029012300,123,Erie,New York,18777,4.1,1664.070423,769.9859155,894.084507,207.1971831,0.088622806,0.041006866,0.04761594,0.011034627,705,72,106,124,141,144,153,172,187,220,288,367,468,549,610,654,705,685,8220,24,Null,1,0.16729465,0.259,0.0011,1,0.0011,0.2,0.038,0.132768002,0.157446809
1400000US36029002300,36029002300,23,Erie,New York,17553,3.4,2561.965116,1229.476744,1332.488372,670.9273256,0.145955969,0.070043682,0.075912287,0.038222943,1078,243,410,460,510,597,743,781,835,898,940,949,1061,1070,1070,1078,1078,591,7092,42.3,Null,0,0.153024911,0.317,0.01,69,0.0864,0.2,0.09,0.095291405,0.19109462
1400000US36029016600,36029016600,166,Erie,New York,17249,3.3,2476.476923,1135.015385,1341.461538,469.0923077,0.143572203,0.065801808,0.077770395,0.027195334,1106,92,130,241,347,449,520,567,646,702,777,897,1007,1080,1089,1100,1106,656,7872,32.3,Null,0,0.180604982,0.3742,0.0154,111,0.1705,0.2,0.028,0.126091003,0.149186257
1400000US36029001000,36029001000,10,Erie,New York,22185,4.3,2717.484029,1320.412776,1397.071253,242.968059,0.122491955,0.059518268,0.062973687,0.010951907,1496,216,350,572,804,860,955,1012,1087,1134,1271,1338,1461,1484,1484,1496,1496,811,9732,17.9,Null,0,0.108523726,0.315,0.0096,96,0.077,0.2,0.017,0.216207008,0.187834225
1400000US36029007000,36029007000,70,Erie,New York,15654,3.2,1999.395349,940.744186,1058.651163,762.505814,0.127724246,0.06009609,0.067628157,0.048709966,1546,169,213,237,290,441,493,576,678,719,841,1010,1197,1317,1399,1450,1546,761,9132,49.9,Null,0,0.078138718,0.37,0.0054,68,0.0735,0.18,0.016,0.094098902,0.137774903
1400000US36029003302,36029003302,33.02,Erie,New York,19947,4.1,2561.965116,1229.476744,1332.488372,670.9273256,0.128438618,0.061637176,0.066801442,0.0336355,1163,149,224,267,410,519,604,677,773,794,949,1011,1089,1118,1145,1152,1163,809,9708,41.7,Null,0,0.202348066,0.33,0.0166,103,0.1066,0.19,0.053,0.119245005,0.211521926
1400000US36029005802,36029005802,58.02,Erie,New York,18452,3.4,2684.31016,1071.144385,1613.165775,383.7647059,0.145475296,0.058050314,0.087424982,0.020798001,1428,188,419,631,700,742,788,947,987,1073,1175,1210,1294,1383,1413,1413,1428,770,9240,37,Null,0,0.03728202,0.296,0.0093,97,0.1002,0.21,0.121,0.078256001,0.103641457
1400000US36029012400,36029012400,124,Erie,New York,19817,4.1,1960.615385,894.7384615,1065.876923,433.5153846,0.098936034,0.045150046,0.053785988,0.021875934,1122,97,207,379,435,477,529,563,592,646,719,803,961,1034,1099,1122,1122,789,9468,27,Null,1,Null,0.293,0,3,0.0068,0.21,0.105,Null,0.07486631
1400000US36029016800,36029016800,168,Erie,New York,17411,3.3,2730.096257,1237.73262,1492.363636,525.6524064,0.156802955,0.071089117,0.085713838,0.030190822,1111,151,308,443,529,694,703,771,806,840,868,982,997,1075,1111,1111,1111,665,7980,32.7,Null,0,0.150979154,0.4018,0.0102,111,0.1034,0.18,0,0.116540003,0.272727273
1400000US36029005801,36029005801,58.01,Erie,New York,17535,3.4,2684.31016,1071.144385,1613.165775,383.7647059,0.153082986,0.061086078,0.091996908,0.02188564,3220,133,235,400,450,536,646,791,874,1025,1209,1485,1927,2313,2605,2873,3220,693,8316,42,Null,0,0.108757062,0.296,0.0087,67,0.0976,0.2,0.039,0.075690098,0.034161491
1400000US36029010807,36029010807,108.07,Erie,New York,25776,5.2,2495.664804,1305.251397,1190.413408,341.9608939,0.09682126,0.050638245,0.046183016,0.013266639,2680,31,116,139,152,264,284,326,341,378,412,514,793,1192,1359,1918,2680,1012,12144,10.3,Null,1,Null,0.285,0,7,0.0079,0.23,0.012,Null,0.025373134
1400000US36029001500,36029001500,15,Erie,New York,20781,4.2,2280.987654,1120.691358,1160.296296,246.0967078,0.109763132,0.053928654,0.055834478,0.01184239,1633,58,89,132,322,435,555,644,754,819,913,1112,1276,1483,1577,1633,1633,741,8892,34.2,Null,0,0.160904255,0.255,0.0027,53,0.1416,0.2,0.02,0.080528803,0.063686467
1400000US36029003100,36029003100,31,Erie,New York,16745,3.3,1711.231788,827.8675497,883.3642384,232.9713024,0.102193597,0.049439686,0.052753911,0.013912888,1823,215,354,488,571,757,949,1075,1210,1303,1437,1534,1696,1800,1808,1823,1823,548,6576,30.6,Null,0,0.266490765,0.426,0.0093,90,0.1191,0.19,0.063,0.105353003,0.076247943
1400000US36029004100,36029004100,41,Erie,New York,23050,4.4,2102.433333,1095.433333,1007,439.0194444,0.091211858,0.047524223,0.043687636,0.019046397,849,44,155,210,243,292,332,396,429,472,540,635,726,766,786,817,849,797,9564,23.7,Null,0,0.100456621,0.327,0.0236,160,0.1641,0.2,0.061,0.0954492,0.37573616
1400000US36029016400,36029016400,164,Erie,New York,17917,3.4,2549.030995,1118.427406,1430.603589,486.502447,0.142268851,0.062422694,0.079846157,0.02715312,1819,143,168,283,397,518,593,660,756,808,902,1155,1333,1465,1616,1767,1819,563,6756,31.2,Null,1,0.130960854,0.2777,0.0039,546,0.5362,0.19,0.084,0.082386303,0.052226498
1400000US36029010202,36029010202,102.02,Erie,New York,22661,4.4,2593.028571,1070.651429,1522.377143,664.1866667,0.114426926,0.047246433,0.067180493,0.02930968,818,11,34,84,115,168,260,325,331,396,508,651,703,768,792,802,818,974,11688,15.8,Null,0,0.088658147,0.228,0.0033,10,0.0165,0.23,0.025,0.078985801,0.122249389
1400000US36029007101,36029007101,71.01,Erie,New York,17801,3.4,2793.473684,1550.447368,1243.026316,220.7401316,0.156927908,0.087098892,0.069829016,0.012400434,977,58,62,132,205,312,405,433,491,586,699,754,876,941,954,954,977,609,7308,45.6,Null,0,0.113184828,0.316,0.0042,116,0.0808,0.17,0,0.062154298,0.186284545
1400000US36029003600,36029003600,36,Erie,New York,16979,3.3,1756.367089,943.3670886,813,274.5189873,0.103443494,0.055560816,0.047882679,0.016168148,1183,89,139,257,305,389,447,498,547,611,677,786,1029,1126,1159,1183,1183,627,7524,43.1,Null,0,0.079393399,0.49,0.0088,89,0.1307,0.2,0.092,0.104899998,0.185967878
1400000US36029009900,36029009900,99,Erie,New York,27474,5.3,2498.136986,1433.260274,1064.876712,338.5342466,0.090927313,0.052167878,0.038759435,0.012321986,3115,135,225,391,451,496,584,626,697,728,1106,1397,1723,2264,2564,2899,3115,862,10344,12.7,Null,0,0.172905526,0.252,0.0083,7,0.0146,0.23,0.048,0.079200201,0.018619583
1400000US36029001900,36029001900,19,Erie,New York,25905,5.2,2014.769231,1024.769231,990,225.4594017,0.077775303,0.039558743,0.038216561,0.008703316,2379,44,215,281,372,532,667,762,848,992,1239,1373,1630,1838,1994,2121,2379,835,10020,9.2,Null,0,0.162909091,0.313,0.0037,48,0.0885,0.23,0.051,0.133360004,0.035729298
1400000US36029016300,36029016300,163,Erie,New York,16708,3.3,2172.304024,1051.081967,1121.222057,641.6065574,0.130015802,0.062908904,0.067106898,0.038401159,1547,34,64,135,221,277,415,477,590,628,658,922,1247,1398,1504,1547,1547,665,7980,30.6,Null,0,0.085629921,0.3726,0.0017,71,0.1187,0.21,0.061,0.086949301,0.098901099
1400000US36029006901,36029006901,69.01,Erie,New York,17695,3.4,2642.640777,1198.019417,1444.621359,695.1618123,0.149343926,0.067703838,0.081640088,0.039285776,2732,107,198,395,431,636,745,887,1031,1060,1181,1526,2050,2343,2398,2559,2732,664,7968,51.2,Null,0,0.026037429,0.4138,0.0131,120,0.1212,0.18,0.044,0.087390003,0.085651537
1400000US36029010002,36029010002,100.02,Erie,New York,28058,5.4,2549.992238,948.3415265,1601.650712,211.7115136,0.090882894,0.033799327,0.057083567,0.007545496,1173,76,101,174,230,265,351,403,441,482,586,737,881,1009,1091,1154,1173,978,11736,5.1,Null,0,Null,0.351,0,2,0.0046,0.23,0.006,Null,0.16112532
1400000US36029013002,36029013002,130.02,Erie,New York,33833,7.1,2535.234146,1347.995122,1187.239024,316.404878,0.074933767,0.039842613,0.035091154,0.00935196,1193,24,41,41,140,184,230,255,326,345,466,564,678,890,1009,1133,1193,1183,14196,10.9,Null,1,Null,0.315,0,0,0,0.25,0.023,Null,0.061190277
1400000US36029003500,36029003500,35,Erie,New York,21599,4.3,1960.615385,894.7384615,1065.876923,433.5153846,0.090773433,0.041424995,0.049348438,0.020071086,1311,46,135,231,300,341,368,430,468,556,644,827,1012,1156,1248,1300,1311,649,7788,41.2,Null,0,0.173443456,0.448,0.0129,427,0.4226,0.19,0.022,0.123148003,0.177726926
1400000US36029014000,36029014000,140,Erie,New York,30769,6.2,2204.912863,810.6224066,1394.290456,219.5186722,0.071660206,0.026345426,0.04531478,0.00713441,18,0,0,0,0,0,0,0,0,15,15,15,18,18,18,18,18,1319,15828,4.5,Null,1,Null,0.289,0.0027,2,0.0055,0.26,0.029,Null,
1400000US36029007303,36029007303,73.03,Erie,New York,39144,8.1,2444.147368,1200.168421,1243.978947,277.154386,0.062439898,0.030660342,0.031779556,0.00708038,782,122,197,242,337,382,433,475,490,535,593,636,707,745,752,769,782,1326,15912,8.5,Null,1,Null,0.246,0.0045,8,0.009,0.25,0.004,Null,0.071611253
1400000US36029003700,36029003700,37,Erie,New York,19712,4.1,1965.505618,753.7078652,1211.797753,885.4325843,0.099711121,0.038235992,0.06147513,0.044918455,768,189,300,447,485,522,535,564,615,618,639,660,741,768,768,768,768,768,9216,45.1,Null,0,0.045828437,0.348,0.0088,166,0.1825,0.21,0.133,0.107011004,0.3125
1400000US36029015800,36029015800,158,Erie,New York,30289,6.2,2047.702128,933.9148936,1113.787234,304.212766,0.067605472,0.030833467,0.036772004,0.010043671,771,120,195,244,367,387,473,557,595,595,617,676,760,768,768,771,771,1186,14232,8.3,Null,0,Null,0.184,0,0,0,0.3,0.021,Null,0
1400000US36029011500,36029011500,115,Erie,New York,26392,5.3,2804.450704,1136.577465,1667.873239,298.5,0.106261394,0.043065227,0.063196167,0.011310246,976,210,320,343,408,556,569,667,750,781,836,925,941,971,971,971,976,932,11184,8,Null,0,Null,0.197,0.0107,2,0.0107,0.23,0.006,Null,0.022540984
1400000US36029000200,36029000200,2,Erie,New York,22723,4.4,1599.205479,937.0684932,662.1369863,291,0.070378272,0.041238767,0.029139506,0.012806408,1555,203,327,518,630,804,851,916,929,1004,1075,1197,1372,1443,1487,1526,1555,709,8508,29,Null,0,0.126131222,0.277,0.0064,46,0.0588,0.21,0.022,0.123462,0.055948553
1400000US36029009301,36029009301,93.01,Erie,New York,26229,5.2,2060.713936,1107.696822,953.0171149,281.0220049,0.078566241,0.04223176,0.036334481,0.010714172,443,52,135,162,261,292,323,339,343,360,387,407,423,443,443,443,443,881,10572,23.5,Null,0,0.087394958,0.339,0.0009,10,0.0094,0.21,0.043,0.078167801,0.128668172
1400000US36029017400,36029017400,174,Erie,New York,19423,4.1,3539.531436,1754.910655,1784.620781,450.3345467,0.182234023,0.090352194,0.09188183,0.023185633,1990,338,426,547,717,799,944,1036,1145,1219,1433,1580,1835,1921,1945,1957,1990,609,7308,48.5,Null,1,0.105507631,0.294,0,6,0.0071,0.21,0.008,0.086150599,0.064321608
1400000US36029015003,36029015003,150.03,Erie,New York,30844,6.2,2793.473684,1550.447368,1243.026316,220.7401316,0.090567815,0.05026739,0.040300425,0.007156664,4,0,0,0,0,0,0,0,0,0,0,0,4,4,4,4,4,1178,14136,13.3,Null,0,Null,0.252,0,3,0.0108,0.29,0.012,Null,0
1400000US36029009115,36029009115,91.15,Erie,New York,20808,4.2,2172.304024,1051.081967,1121.222057,641.6065574,0.104397541,0.050513359,0.053884182,0.03083461,852,97,159,246,300,372,407,458,492,522,610,654,709,753,790,814,852,943,11316,46.1,Null,1,Null,0.284,0.001,5,0.0052,0.2,0.098,Null,0.009389671
1400000US36029005500,36029005500,55,Erie,New York,19583,4.1,2239.148936,1010.723404,1228.425532,668.5957447,0.114341466,0.051612286,0.06272918,0.03414164,1713,242,521,632,770,848,1008,1176,1250,1272,1395,1494,1576,1607,1650,1676,1713,671,8052,46,Null,0,0.082814446,0.297,0.0049,89,0.0734,0.19,0.022,0.109226999,0.141856392
1400000US36029003901,36029003901,39.01,Erie,New York,20867,4.2,1908.072727,885.0909091,1022.981818,197.1757576,0.091439724,0.04241582,0.049023905,0.009449167,2130,104,196,257,340,433,584,666,809,922,1088,1295,1692,1832,1958,2046,2130,785,9420,30.6,Null,1,0.15581854,0.273,0.0148,39,0.1442,0.2,0.016,0.106300001,0.030516432
1400000US36029010500,36029010500,105,Erie,New York,27500,5.4,3149.569378,1572.258373,1577.311005,619.1650718,0.114529796,0.057173032,0.057356764,0.022515094,1394,66,82,119,146,236,357,429,502,586,636,877,1087,1255,1305,1346,1394,934,11208,20.9,Null,0,Null,0.197,0.0061,5,0.0153,0.23,0.027,Null,0.035150646
1400000US36029004200,36029004200,42,Erie,New York,22420,4.3,2780.420339,1274.074576,1506.345763,352.5322034,0.12401518,0.05682759,0.06718759,0.015724006,1485,0,53,136,182,297,339,375,464,529,658,842,1142,1308,1407,1457,1485,836,10032,37.9,Null,1,0.103619588,0.424,0.0127,135,0.2452,0.21,0.029,0.100045996,0.121212121
1400000US36029007202,36029007202,72.02,Erie,New York,29449,6.1,3211.985612,1276.230216,1935.755396,620.7410072,0.109069429,0.043336963,0.065732466,0.021078509,2342,107,273,415,591,765,841,926,1158,1254,1450,1738,2050,2182,2306,2342,2342,1101,13212,10.3,Null,0,0.160416667,0.198,0.008,42,0.0674,0.18,0.044,0.071989298,0.005123826
1400000US36029000110,36029000110,1.1,Erie,New York,20791,4.2,2684.31016,1071.144385,1613.165775,383.7647059,0.129109238,0.051519618,0.077589619,0.018458213,1623,39,69,154,223,291,442,506,624,653,776,869,1156,1354,1464,1590,1623,755,9060,30.4,Null,1,0.088461538,0.3249,0.0107,38,0.0812,0.22,0.031,0.149701004,0.069624153
1400000US36029008002,36029008002,80.02,Erie,New York,36042,7.2,2164.48855,1092.366412,1072.122137,203.5534351,0.060054618,0.030308152,0.029746466,0.005647673,2401,45,137,306,335,452,477,590,683,752,914,1132,1405,1602,1850,2080,2401,908,10896,10.5,Null,0,Null,0.295,0.0017,2,0.0035,0.23,0.026,Null,0.038733861
1400000US36029007302,36029007302,73.02,Erie,New York,35150,7.2,1634.469136,914.617284,719.8518519,228.9176955,0.046499833,0.026020406,0.020479427,0.006512594,2622,40,109,182,250,394,491,602,675,706,889,1106,1455,1826,2134,2502,2622,1407,16884,7.2,Null,0,Null,0.223,0.0034,12,0.0412,0.27,0.029,Null,0.012204424
1400000US36029940000,36029940000,9400,Erie,New York,20566,4.2,1898.225352,940.7323944,957.4929577,422.685446,0.0922992,0.045742118,0.046557082,0.020552633,1880,45,69,204,346,429,508,556,586,770,935,1060,1305,1522,1661,1810,1880,709,8508,27.2,Null,0,Null,0.207,0,0,0,0.29,0.068,Null,0
1400000US36029009112,36029009112,91.12,Erie,New York,21920,4.3,3017.241877,1385.133574,1632.108303,571.6137184,0.137647896,0.0631904,0.074457496,0.026077268,1951,131,199,297,378,479,556,770,893,999,1189,1359,1566,1754,1858,1918,1951,879,10548,22.7,Null,1,Null,0.287,0,7,0.0085,0.21,0.042,Null,0.028190671
1400000US36029015402,36029015402,154.02,Erie,New York,33086,6.4,2895.513648,1482.908189,1412.605459,293.4342432,0.087514769,0.044819809,0.04269496,0.008868834,2244,72,123,191,316,402,498,540,570,606,777,1041,1347,1710,1957,2068,2244,1279,15348,10.4,Null,0,Null,0.258,0.0029,7,0.0201,0.28,0.041,Null,0
1400000US36029002900,36029002900,29,Erie,New York,20343,4.2,1634.469136,914.617284,719.8518519,228.9176955,0.080345531,0.044959804,0.035385727,0.011252898,1967,9,29,47,74,136,171,249,256,299,395,549,924,1222,1483,1734,1967,736,8832,38.5,Null,0,0.091697646,0.453,0.0135,88,0.1487,0.2,0.028,0.110900002,0.056431113
1400000US36029002502,36029002502,25.02,Erie,New York,25777,5.2,1960.615385,894.7384615,1065.876923,433.5153846,0.07606065,0.034710729,0.041349921,0.016817915,0,0,0,0,0,0,0,0,0,0,0,0,0,0,0,0,0,595,7140,27.7,Null,0,0.16796875,0.325,0.0068,169,0.2884,0.18,0.008,0.068424001,#DIV/0!
1400000US36029013201,36029013201,132.01,Erie,New York,31875,6.3,2167.384615,919.6686391,1247.715976,403.5739645,0.06799638,0.028852349,0.039144031,0.012661144,1898,97,168,280,308,363,414,486,560,600,748,963,1241,1434,1650,1810,1898,1305,15660,11,Null,1,Null,0.209,0.0051,6,0.0103,0.25,0.007,Null,0.022655427
1400000US36029014801,36029014801,148.01,Erie,New York,28986,6.1,2079.4125,1032.4875,1046.925,642.509375,0.071738512,0.035620213,0.036118298,0.022166197,1073,47,78,114,121,171,205,286,327,373,505,641,808,925,1022,1065,1073,902,10824,6,Null,0,Null,0.275,0,2,0.0046,0.26,0.048,Null,0.04473439
1400000US36029007700,36029007700,77,Erie,New York,29514,6.1,2399.489362,1201.73617,1197.753191,177.8638298,0.081300039,0.040717496,0.040582544,0.006026422,844,24,43,82,151,171,236,269,377,401,430,562,663,742,780,833,844,941,11292,10.5,Null,0,Null,0.231,0.0027,6,0.0081,0.23,0,Null,0.136255924
1400000US36029012501,36029012501,125.01,Erie,New York,21442,4.3,3017.241877,1385.133574,1632.108303,571.6137184,0.140716439,0.064599085,0.076117354,0.026658601,1498,18,27,111,196,251,318,372,462,503,610,787,1052,1240,1369,1451,1498,807,9684,15.7,Null,0,0.13710051,0.266,0.001,5,0.0052,0.21,0.019,0.132976999,0.092790387
1400000US36029010901,36029010901,109.01,Erie,New York,28897,6.1,1936.119403,984.5373134,951.5820896,282.4746269,0.067000706,0.034070572,0.032930134,0.009775223,1396,39,59,170,246,299,391,418,475,540,651,841,1062,1283,1351,1396,1396,1056,12672,6.5,Null,0,Null,0.214,0.0085,5,0.0213,0.25,0.004,Null,0.037965616
1400000US36029000500,36029000500,5,Erie,New York,20000,4.2,2301.760766,1247.282297,1054.478469,329.569378,0.115088038,0.062364115,0.052723923,0.016478469,1825,193,329,439,540,633,742,832,949,1057,1239,1446,1627,1727,1775,1817,1825,751,9012,29.9,Null,1,0.139825219,0.346,0.007,52,0.1221,0.22,0.005,0.12125,0.060821918
1400000US36029005100,36029005100,51,Erie,New York,29231,6.1,2828.873684,1384.010526,1444.863158,264.3921053,0.096776494,0.047347355,0.049429139,0.009044922,1636,293,453,619,876,1051,1198,1265,1405,1446,1507,1537,1592,1611,1627,1627,1636,869,10428,13.8,Null,0,0.095338983,0.293,0.0023,116,0.0889,0.2,0.065,0.109224997,0.083740831
1400000US36029009200,36029009200,92,Erie,New York,26538,5.3,2283.58643,1186.25525,1097.331179,354.3344103,0.086049681,0.044700251,0.04134943,0.013351964,1710,69,156,215,257,363,411,435,482,509,566,792,1021,1255,1408,1577,1710,962,11544,15.5,Null,0,Null,0.33,0,12,0.0109,0.22,0,Null,0.016374269
1400000US36029011100,36029011100,111,Erie,New York,33388,6.4,2582.370672,1206.378819,1375.991853,438.6354379,0.077344276,0.036132108,0.041212168,0.013137518,1064,125,384,432,560,651,750,783,801,868,936,1006,1048,1056,1056,1064,1064,970,11640,8.1,Null,0,0.152879581,0.27,0,1,0.0068,0.24,0.02,0.089252005,0.034774436
1400000US36029013001,36029013001,130.01,Erie,New York,29192,6.1,2117.61807,1062.480493,1055.137577,253.926078,0.072541041,0.03639629,0.036144751,0.008698482,1008,67,114,179,282,295,335,401,434,498,592,652,794,905,985,993,1008,955,11460,10.4,Null,1,Null,0.259,0,1,0.0023,0.25,0.015,Null,0.048611111
1400000US36029001100,36029001100,11,Erie,New York,28023,5.4,2121.716599,815.951417,1305.765182,208.8380567,0.0757134,0.029117204,0.046596195,0.00745238,1584,114,396,544,758,849,901,939,991,1009,1116,1224,1340,1415,1452,1530,1584,813,9756,29.3,Null,0,0.149669846,0.253,0.0072,37,0.0535,0.2,0.052,0.223094006,0.079545455
1400000US36029009107,36029009107,91.07,Erie,New York,26907,5.3,2828.873684,1384.010526,1444.863158,264.3921053,0.105135232,0.05143682,0.053698411,0.009826146,3235,255,519,598,799,945,1026,1155,1313,1404,1547,1886,2193,2548,2740,2881,3235,1090,13080,20.5,Null,1,Null,0.26,0,10,0.0087,0.23,0.012,Null,0.004018547
1400000US36029007902,36029007902,79.02,Erie,New York,29642,6.1,1929.580902,871.5437666,1058.037135,378.33687,0.065096178,0.029402327,0.035693851,0.012763541,772,13,25,51,71,112,221,266,293,375,464,540,669,707,736,763,772,1162,13944,2.4,Null,0,Null,0.277,0,4,0.0114,0.24,0.004,Null,0.038860104
1400000US36029010803,36029010803,108.03,Erie,New York,28534,5.4,2828.873684,1384.010526,1444.863158,264.3921053,0.099140453,0.048503909,0.050636544,0.009265862,1138,46,154,161,261,285,340,409,506,557,703,865,927,992,1053,1119,1138,1056,12672,6.6,Null,0,Null,0.246,0,1,0.0046,0.24,0.007,Null,0.020210896
1400000US36029011300,36029011300,113,Erie,New York,29899,6.1,3170.257426,1409.346535,1760.910891,451.9306931,0.106032223,0.047136912,0.058895311,0.015115244,1053,43,92,164,255,311,371,469,514,561,618,751,860,955,992,1032,1053,1034,12408,9.4,Null,0,0.121609799,0.233,0.0017,7,0.0121,0.24,0.007,0.227852001,0.038936372
1400000US36029011400,36029011400,114,Erie,New York,25560,5.2,2706.222222,1369.555556,1336.666667,610.6666667,0.105877239,0.053581986,0.052295253,0.023891497,1035,16,32,95,142,180,255,283,352,389,490,635,832,961,1035,1035,1035,866,10392,22.8,Null,0,0.082004556,0.244,0.0023,8,0.0183,0.22,0.061,0.194524002,0.087922705
1400000US36029006701,36029006701,67.01,Erie,New York,30551,6.2,1713.531429,961.0971429,752.4342857,268.9085714,0.056087573,0.031458779,0.024628794,0.008801956,802,15,69,109,131,205,223,310,344,377,437,608,677,743,780,790,802,750,9000,12.8,Null,0,0.096205238,0.279,0.0054,154,0.0928,0.17,0,0.143949003,0.153366584
1400000US36029006601,36029006601,66.01,Erie,New York,27127,5.3,2130.034483,1123.310345,1006.724138,294.045977,0.078520827,0.04140931,0.037111518,0.010839605,1341,71,150,190,270,426,461,502,532,604,688,837,921,1069,1132,1211,1341,927,11124,38,Null,0,0.064021641,0.301,0.0093,87,0.1009,0.18,0.022,0.141982002,0.137211037
1400000US36029010700,36029010700,107,Erie,New York,24206,5.1,2717.484029,1320.412776,1397.071253,242.968059,0.112264894,0.054548987,0.057715907,0.010037514,1280,214,418,538,680,694,774,838,864,951,1004,1084,1151,1198,1226,1263,1280,1072,12864,13.5,Null,0,0.144144144,0.219,0.0046,7,0.0325,0.24,0.014,0.099733105,0.03359375
1400000US36029012901,36029012901,129.01,Erie,New York,29592,6.1,1929.580902,871.5437666,1058.037135,378.33687,0.065206167,0.029452006,0.035754161,0.012785106,1290,50,128,171,265,351,454,500,591,665,738,850,1058,1142,1216,1278,1290,992,11904,10.4,Null,0,Null,0.205,0.0017,8,0.0067,0.23,0.036,Null,0.034108527
1400000US36029012902,36029012902,129.02,Erie,New York,32197,6.3,2202.115385,989.5673077,1212.548077,249.28125,0.068395049,0.030734767,0.037660281,0.007742375,2329,125,229,274,371,475,734,877,968,1019,1247,1459,1940,2146,2225,2317,2329,1006,12072,5.6,Null,1,Null,0.258,0.0033,2,0.0033,0.24,0,Null,0.01116359
1400000US36029014300,36029014300,143,Erie,New York,32571,6.4,2117.61807,1062.480493,1055.137577,253.926078,0.065015445,0.032620444,0.032395001,0.007796079,2120,60,76,219,340,452,512,561,620,721,920,1170,1522,1757,1888,1997,2120,1164,13968,5.2,Null,1,Null,0.256,0,2,0.0043,0.25,0.009,Null,0.035849057
1400000US36029003301,36029003301,33.01,Erie,New York,22902,4.4,3086.701987,1158.119205,1928.582781,598.9602649,0.134778709,0.050568475,0.084210234,0.026153186,2346,112,209,237,376,446,585,662,718,788,1115,1342,1826,2036,2194,2230,2346,791,9492,34.4,Null,0,0.186206897,0.376,0.0063,78,0.0986,0.19,0.023,0.106936998,0.086104007
1400000US36029017000,36029017000,170,Erie,New York,20226,4.2,2549.030995,1118.427406,1430.603589,486.502447,0.12602744,0.05529652,0.07073092,0.02405332,1129,76,170,203,274,356,389,441,486,523,617,777,935,1047,1083,1109,1129,808,9696,27.7,Null,1,0.078448276,0.4687,0.0181,89,0.1789,0.21,0.017,0.090918903,0.119574845
1400000US36029013701,36029013701,137.01,Erie,New York,32929,6.4,2047.702128,933.9148936,1113.787234,304.212766,0.062185372,0.028361471,0.033823901,0.009238445,1190,57,116,191,263,303,367,405,448,469,547,636,802,992,1095,1130,1190,1216,14592,2.9,Null,1,Null,0.221,0,0,0,0.25,0.021,Null,0.021848739
1400000US36029000900,36029000900,9,Erie,New York,32267,6.3,1634.469136,914.617284,719.8518519,228.9176955,0.050654512,0.028345284,0.022309228,0.007094483,1165,44,64,74,82,88,184,240,295,312,388,575,772,991,1053,1101,1165,856,10272,11.1,Null,0,0.052385407,0.216,0.0061,10,0.0202,0.21,0.038,0.124812002,0.034334764
1400000US36029007905,36029007905,79.05,Erie,New York,37742,7.4,1713.531429,961.0971429,752.4342857,268.9085714,0.045401182,0.025464924,0.019936259,0.007124916,6,2,2,2,2,2,6,6,6,6,6,6,6,6,6,6,6,1118,13416,13.2,Null,0,Null,0.2589,0,5,0.0118,0.25,0,Null,
1400000US36029015600,36029015600,156,Erie,New York,29648,6.1,2202.115385,989.5673077,1212.548077,249.28125,0.074275344,0.033377203,0.040898141,0.008408029,1123,53,93,113,186,279,340,376,425,457,532,680,878,977,1030,1082,1123,1100,13200,10.8,Null,0,Null,0.248,0,3,0.0181,0.3,0.02,Null,0
1400000US36029007600,36029007600,76,Erie,New York,30426,6.2,1756.367089,943.3670886,813,274.5189873,0.057725862,0.031005294,0.026720568,0.009022513,2193,68,68,68,99,119,194,235,274,361,471,789,1297,1553,1691,1933,2193,1091,13092,9.4,Null,0,Null,0.203,0,0,0,0.25,0.013,Null,0.013679891
1400000US36029005900,36029005900,59,Erie,New York,16527,3.3,2171.273543,1048.977578,1122.295964,232.6053812,0.131377355,0.063470538,0.067906817,0.014074265,1269,22,82,124,201,295,359,425,514,578,685,811,962,1049,1162,1222,1269,611,7332,37.4,Null,0,0.120118343,0.298,0.0072,99,0.0886,0.2,0.019,0.089442501,0.189913318
1400000US36029004900,36029004900,49,Erie,New York,31144,6.2,1906.634731,957.2694611,949.3652695,307.6706587,0.06121997,0.030736882,0.030483087,0.009878971,498,30,39,55,83,109,203,220,314,320,353,388,420,471,471,478,498,951,11412,12.5,Null,0,0.065853659,0.248,0.0042,62,0.0369,0.2,0.051,0.082407703,0.259036145
1400000US36029010805,36029010805,108.05,Erie,New York,34283,7.1,1813.918977,929.0149254,884.9040512,363.2686567,0.052910159,0.027098414,0.025811745,0.010596175,2120,87,137,187,257,326,379,480,507,563,841,1195,1562,1837,1950,2028,2120,1199,14388,3,Null,1,Null,0.232,0,2,0.0066,0.25,0.011,Null,0.006132075
1400000US36029008101,36029008101,81.01,Erie,New York,35860,7.2,2202.115385,989.5673077,1212.548077,249.28125,0.061408683,0.027595296,0.033813388,0.006951513,1548,371,767,887,988,1056,1103,1118,1197,1235,1284,1381,1424,1464,1473,1507,1548,1045,12540,6.3,Null,0,Null,0.257,0.0022,7,0.0077,0.23,0.022,Null,0.029069767
1400000US36029006800,36029006800,68,Erie,New York,34011,7.1,1813.918977,929.0149254,884.9040512,363.2686567,0.053333303,0.027315131,0.026018172,0.010680917,1396,401,508,574,770,864,909,970,1042,1070,1171,1294,1332,1373,1396,1396,1396,871,10452,30.6,Null,0,0.030051813,0.322,0.0045,167,0.1067,0.17,0.07,0.105243998,0.118194842
1400000US36029004500,36029004500,45,Erie,New York,34777,7.1,2895.513648,1482.908189,1412.605459,293.4342432,0.083259443,0.042640486,0.040618957,0.008437595,1010,205,346,404,430,466,523,655,694,694,750,815,894,927,943,1010,1010,1093,13116,11.8,Null,0,0.064238151,0.284,0.0038,91,0.0863,0.2,0.01,0.137915001,0.15049505
1400000US36029008003,36029008003,80.03,Erie,New York,33638,6.4,2549.992238,948.3415265,1601.650712,211.7115136,0.075806892,0.028192566,0.047614326,0.00629382,820,255,414,448,496,549,596,654,687,729,765,792,797,809,809,815,820,1063,12756,13.1,Null,0,Null,0.261,0,2,0.004,0.23,0,Null,0.153658537
1400000US36029004401,36029004401,44.01,Erie,New York,24400,5.1,1670.056266,774.2608696,895.7953964,168.6163683,0.068444929,0.031732003,0.036712926,0.006910507,1378,185,368,509,740,794,833,890,990,1051,1160,1293,1331,1360,1369,1369,1378,805,9660,25.7,Null,1,0.07508161,0.3,0.0065,158,0.1724,0.2,0.013,0.094981804,0.112481858
1400000US36029006602,36029006602,66.02,Erie,New York,34647,7.1,1919.1,998.175,920.925,370.775,0.055390077,0.028809854,0.026580223,0.010701504,1882,82,180,336,456,565,626,679,743,859,1024,1303,1627,1714,1756,1859,1882,929,11148,17.8,Null,0,0.306528662,0.247,0.0055,47,0.0514,0.17,0.043,0.174169998,0.022848034
1400000US36029006302,36029006302,63.02,Erie,New York,33803,7.1,2301.760766,1247.282297,1054.478469,329.569378,0.068093387,0.036898568,0.031194819,0.009749708,931,71,135,289,383,518,567,601,658,684,725,805,915,923,931,931,931,1338,16056,9,Null,0,0.060711188,0.2399,0.0016,20,0.0328,0.2,0.01,0.205389004,0.045112782
1400000US36029009702,36029009702,97.02,Erie,New York,32405,6.3,1871.576087,1016.413043,855.1630435,200.2282609,0.057755781,0.031365933,0.026389849,0.006178931,651,113,230,275,318,383,407,418,442,465,510,531,567,601,634,651,651,1086,13032,4.6,Null,1,Null,0.221,0,1,0.0033,0.25,0.003,Null,0.086021505
1400000US36029010400,36029010400,104,Erie,New York,25632,5.2,3086.701987,1158.119205,1928.582781,598.9602649,0.120423767,0.045182553,0.075241213,0.023367676,1356,100,211,261,371,416,477,546,636,727,883,1024,1183,1228,1254,1349,1356,833,9996,26.3,Null,0,Null,0.271,0,7,0.0167,0.21,0.057,Null,0.077433628
1400000US36029000800,36029000800,8,Erie,New York,32200,6.3,1960.615385,894.7384615,1065.876923,433.5153846,0.060888677,0.027786909,0.033101768,0.013463211,1913,402,611,767,916,1057,1136,1212,1277,1387,1593,1655,1818,1878,1913,1913,1913,943,11316,17.4,Null,0,0.1053752,0.252,0.0055,23,0.0318,0.22,0.009,0.114628,0.070047047
1400000US36029015900,36029015900,159,Erie,New York,28013,5.4,2472.527473,1204.404396,1268.123077,212.5714286,0.088263573,0.042994481,0.045269092,0.007588314,2574,271,394,449,596,644,690,740,864,1000,1205,1437,1833,2022,2221,2445,2574,907,10884,13.1,Null,1,Null,0.224,0,2,0.003,0.26,0.002,Null,0.026418026
1400000US36029012001,36029012001,120.01,Erie,New York,40156,8.2,2199.022901,1193.312977,1005.709924,224.2900763,0.054762001,0.029716928,0.025045072,0.005585469,1251,201,326,368,424,483,500,518,578,609,688,798,970,1066,1149,1207,1251,1180,14160,10.6,Null,0,0.107970605,0.226,0,7,0.0247,0.24,0.018,0.252049999,0.019984013
1400000US36029009701,36029009701,97.01,Erie,New York,33939,7.1,3211.985612,1276.230216,1935.755396,620.7410072,0.09463996,0.037603648,0.057036312,0.018289903,1978,92,266,401,479,610,816,884,1020,1131,1394,1597,1669,1732,1790,1915,1978,1050,12600,5.6,Null,0,Null,0.2182,0,2,0.0059,0.24,0.005,Null,0.015166835
1400000US36029016900,36029016900,169,Erie,New York,28031,5.4,1869.931034,901.5632184,968.3678161,508.1609195,0.066709394,0.032163077,0.034546317,0.018128533,477,57,116,151,173,208,252,252,257,262,300,329,343,384,404,438,477,1035,12420,20.2,Null,0,0.105956113,0.2508,0.0064,97,0.0891,0.19,0,0.150039997,0.308176101
1400000US36029008201,36029008201,82.01,Erie,New York,29694,6.1,2790.724269,1164.030496,1626.693774,779.2515883,0.093982767,0.039200865,0.054781901,0.026242729,1149,270,436,560,661,692,746,769,853,925,962,988,1110,1142,1149,1149,1149,1020,12240,8.3,Null,0,Null,0.221,0,1,0.0042,0.23,0.026,Null,0.019147084
1400000US36029008800,36029008800,88,Erie,New York,36691,7.3,2280.987654,1120.691358,1160.296296,246.0967078,0.062167498,0.03054404,0.031623458,0.006707277,990,40,102,136,166,197,343,382,410,499,561,651,775,867,899,967,990,992,11904,13.2,Null,0,Null,0.29,0.0063,4,0.0084,0.22,0,Null,0.056565657
1400000US36029006702,36029006702,67.02,Erie,New York,35437,7.2,1951.863354,1015.937888,935.9254658,306.2639752,0.055079814,0.028668846,0.026410968,0.008642492,1247,201,452,592,701,711,752,861,921,961,1057,1094,1121,1179,1196,1247,1247,685,8220,25.8,Null,0,0.215097772,0.308,0.0016,134,0.0709,0.16,0.064,0.151148005,0.068163593
1400000US36029014903,36029014903,149.03,Erie,New York,36949,7.3,2472.527473,1204.404396,1268.123077,212.5714286,0.066917304,0.0325964,0.034320904,0.005753104,1647,351,712,854,988,1059,1105,1193,1225,1286,1378,1428,1552,1552,1613,1639,1647,1201,14412,7.3,Null,0,Null,0.223,0,0,0,0.29,0.015,Null,0
1400000US36029010300,36029010300,103,Erie,New York,25274,5.2,2402.576687,906.6993865,1495.877301,641.2147239,0.095061197,0.035874788,0.059186409,0.025370528,2080,61,61,99,120,185,304,346,358,444,590,815,992,1292,1546,1856,2080,794,9528,28,Null,0,0.104166667,0.241,0,10,0.0441,0.21,0.06,0.100980997,0.033173077
1400000US36029010101,36029010101,101.01,Erie,New York,35012,7.2,2037.82,982.54,1055.28,404.9866667,0.058203473,0.02806295,0.030140523,0.011567082,2014,109,150,201,280,357,402,548,692,705,807,1004,1292,1484,1640,1789,2014,1060,12720,3.5,Null,1,Null,0.224,0.0052,3,0.0156,0.24,0.018,Null,0.024329692
1400000US36029010102,36029010102,101.02,Erie,New York,24035,5.1,2593.028571,1070.651429,1522.377143,664.1866667,0.107885524,0.044545514,0.06334001,0.027634145,2902,88,160,196,314,380,564,776,957,1090,1273,1504,1807,2158,2498,2794,2902,757,9084,21.9,Null,1,Null,0.302,0.001,5,0.0052,0.21,0.045,Null,0.05375603
1400000US36029009109,36029009109,91.09,Erie,New York,28809,6.1,2280.987654,1120.691358,1160.296296,246.0967078,0.079176218,0.038900738,0.04027548,0.008542355,1929,68,100,153,237,286,371,422,477,545,672,874,1236,1460,1752,1895,1929,1298,15576,13.8,Null,1,Null,0.365,0,0,0,0.24,0.042,Null,0.003628823
1400000US36029016700,36029016700,167,Erie,New York,28353,5.4,2593.028571,1070.651429,1522.377143,664.1866667,0.091455175,0.037761487,0.053693688,0.023425622,2025,180,291,433,587,778,928,1014,1041,1194,1369,1653,1817,1877,1959,2025,2025,778,9336,17.5,Null,0,0.154679803,0.266,0.0062,40,0.0823,0.22,0.12,0.089311304,0.039012346
1400000US36029012800,36029012800,128,Erie,New York,27464,5.3,2593.028571,1070.651429,1522.377143,664.1866667,0.094415547,0.038983813,0.055431734,0.024183901,1426,27,114,147,197,244,291,343,399,443,533,657,895,1099,1227,1356,1426,894,10728,15,Null,0,Null,0.2219,0,0,0,0.22,0.058,Null,0.048387097
1400000US36029014702,36029014702,147.02,Erie,New York,37452,7.3,2202.115385,989.5673077,1212.548077,249.28125,0.058798339,0.026422282,0.032376057,0.00665602,1253,42,52,89,89,126,163,228,284,352,409,530,715,874,966,1090,1253,1493,17916,4.8,Null,1,Null,0.277,0,2,0.004,0.27,0.014,Null,0.085395052
1400000US36029013501,36029013501,135.01,Erie,New York,37545,7.4,2067.329032,1052.670968,1014.658065,236.4709677,0.055062699,0.028037581,0.027025118,0.006298334,2899,188,232,329,375,742,858,975,1094,1200,1347,1709,2070,2341,2566,2820,2899,1528,18336,1.2,Null,1,Null,0.24,0,7,0.0139,0.27,0.011,Null,0.00793377
1400000US36029010001,36029010001,100.01,Erie,New York,30557,6.2,3523.902439,1400.487805,2123.414634,609.7398374,0.115322265,0.04583198,0.069490285,0.019954179,2144,44,59,153,182,236,322,389,483,593,779,1065,1382,1674,1828,2044,2144,1033,12396,7.4,Null,1,Null,0.197,0.0074,2,0.0074,0.23,0.023,Null,0.012593284
1400000US36029015001,36029015001,150.01,Erie,New York,37604,7.4,2259.53121,954.5579618,1304.973248,275.8280255,0.060087523,0.025384479,0.034703044,0.007335071,2127,16,63,177,247,320,352,512,688,715,1032,1247,1543,1791,1931,2067,2127,1448,17376,4.4,Null,0,Null,0.1801,0,0,0,0.3,0.043,Null,0
1400000US36029017502,36029017502,175.02,Erie,New York,28630,5.4,1378.285714,850.2857143,528,213.7142857,0.04814131,0.029699117,0.018442194,0.007464697,2043,98,269,337,430,473,585,681,736,814,944,1132,1477,1689,1788,1895,2043,1045,12540,10.2,Null,0,Null,0.164,0,0,0,0.3,0.022,Null,0
1400000US36029009116,36029009116,91.16,Erie,New York,26297,5.3,2790.724269,1164.030496,1626.693774,779.2515883,0.106123294,0.044264764,0.06185853,0.029632718,1493,60,100,142,197,265,329,345,424,492,601,821,1045,1167,1288,1421,1493,1272,15264,16.1,Null,1,Null,0.284,0,3,0.0034,0.22,0.025,Null,0.015405224
1400000US36029007800,36029007800,78,Erie,New York,30078,6.2,2128.428246,980.7744875,1147.653759,439.0318907,0.070763623,0.032607703,0.03815592,0.014596446,1972,63,81,106,191,269,398,464,481,545,638,793,1110,1344,1472,1799,1972,1008,12096,11.6,Null,1,Null,0.276,0.0103,7,0.012,0.24,0.005,Null,0.031947262
1400000US36029017200,36029017200,172,Erie,New York,25087,5.2,1670.056266,774.2608696,895.7953964,168.6163683,0.066570585,0.030863031,0.035707554,0.006721265,925,35,66,82,99,111,193,220,239,279,342,415,551,653,777,873,925,735,8820,21,Null,0,Null,0.2475,0.0062,3,0.0062,0.22,0.128,Null,0.08972973
1400000US36029007901,36029007901,79.01,Erie,New York,33542,6.4,2776.930582,1279.02439,1497.906191,298.2645403,0.082789654,0.038132025,0.044657629,0.008892271,1353,39,79,131,186,283,307,315,384,414,503,717,945,1095,1201,1306,1353,1096,13152,6.6,Null,0,Null,0.225,0.0056,3,0.0056,0.23,0.026,Null,0.015521064
1400000US36029015700,36029015700,157,Erie,New York,27438,5.3,2730.096257,1237.73262,1492.363636,525.6524064,0.099500556,0.045110162,0.054390394,0.019157825,1063,64,97,116,157,187,240,257,322,395,469,614,738,882,954,1044,1063,1099,13188,6.8,Null,0,Null,0.22,0.0041,2,0.0083,0.3,0.061,Null,0.000940734
1400000US36029011800,36029011800,118,Erie,New York,33640,6.4,2790.724269,1164.030496,1626.693774,779.2515883,0.08295851,0.034602571,0.048355939,0.023164435,1850,120,259,348,431,541,617,709,759,879,1040,1229,1489,1656,1752,1784,1850,1059,12708,4.3,Null,1,Null,0.245,0,2,0.005,0.25,0.008,Null,0.008648649
1400000US36029010902,36029010902,109.02,Erie,New York,29863,6.1,1965.505618,753.7078652,1211.797753,885.4325843,0.06581742,0.025238853,0.040578567,0.02964982,2403,221,382,485,570,751,924,990,1133,1210,1403,1832,2137,2240,2316,2360,2403,950,11400,12,Null,0,Null,0.342,0.0008,7,0.0058,0.22,0.053,Null,0.013732834
1400000US36029011700,36029011700,117,Erie,New York,31715,6.3,1960.615385,894.7384615,1065.876923,433.5153846,0.061819813,0.028211839,0.033607975,0.013669096,1113,209,500,625,738,777,821,896,913,965,1051,1089,1100,1100,1113,1113,1113,1028,12336,10.5,Null,0,0.196151791,0.263,0,0,0,0.23,0.035,0.239144993,0.044025157
1400000US36029004300,36029004300,43,Erie,New York,23837,5.1,2266.609442,1135.622318,1130.987124,361.6351931,0.095087865,0.047641159,0.047446706,0.015171171,1442,143,306,415,595,679,819,930,1038,1074,1116,1199,1327,1434,1442,1442,1442,765,9180,39.4,Null,1,0.072548142,0.3719,0.0079,185,0.1622,0.2,0.088,0.113142996,0.170596394
1400000US36029015302,36029015302,153.02,Erie,New York,34950,7.1,2128.428246,980.7744875,1147.653759,439.0318907,0.060899235,0.028062217,0.032837017,0.012561714,1496,309,411,453,607,748,764,826,918,1058,1115,1237,1392,1488,1488,1488,1496,1389,16668,4.5,Null,0,Null,0.193,0,2,0.0107,0.3,0.021,Null,0.004679144
1400000US36029008600,36029008600,86,Erie,New York,39528,8.1,2130.034483,1123.310345,1006.724138,294.045977,0.053886725,0.028418092,0.025468633,0.007438929,1733,301,495,646,807,925,1078,1183,1254,1318,1382,1424,1491,1585,1624,1682,1733,947,11364,4.5,Null,0,Null,0.263,0,4,0.0053,0.22,0.006,Null,0.077899596
1400000US36029009502,36029009502,95.02,Erie,New York,36300,7.3,2259.53121,954.5579618,1304.973248,275.8280255,0.062246039,0.026296363,0.035949676,0.007598568,0,0,0,0,0,0,0,0,0,0,0,0,0,0,0,0,0,1174,14088,6.1,Null,0,Null,0.246,0,6,0.0083,0.23,0.046,Null,#DIV/0!
1400000US36029008900,36029008900,89,Erie,New York,41471,8.3,2472.527473,1204.404396,1268.123077,212.5714286,0.059620638,0.029042087,0.030578551,0.005125785,2240,237,432,530,661,789,896,952,1113,1179,1283,1707,1906,2043,2146,2223,2240,1250,15000,6,Null,1,Null,0.2379,0.0018,6,0.0105,0.22,0.013,Null,0.020535714
1400000US36029016200,36029016200,162,Erie,New York,24544,5.1,2706.222222,1369.555556,1336.666667,610.6666667,0.110260032,0.055800014,0.054460017,0.024880487,2679,80,217,303,587,665,760,872,911,957,1123,1385,1687,1944,2085,2435,2679,883,10596,8.1,Null,1,0.22107438,0.3533,0,3,0.0084,0.23,0.059,0.258733997,0.011571482
1400000US36029012003,36029012003,120.03,Erie,New York,37171,7.3,2780.420339,1274.074576,1506.345763,352.5322034,0.074800795,0.034276037,0.040524758,0.009484066,2646,18,80,130,181,211,258,297,370,370,500,724,1001,1497,2006,2347,2646,1404,16848,3.1,Null,1,Null,0.216,0,3,0.0223,0.26,0.038,Null,0.009826153
1400000US36029008700,36029008700,87,Erie,New York,40444,8.2,2780.420339,1274.074576,1506.345763,352.5322034,0.068747412,0.03150219,0.037245222,0.008716551,2241,374,479,578,698,827,901,968,1100,1185,1410,1630,1883,2020,2166,2217,2241,1044,12528,9.1,Null,0,0.136100386,0.274,0.0014,3,0.0042,0.22,0.007,0.082491703,0.029004909
1400000US36029005201,36029005201,52.01,Erie,New York,40266,8.2,2167.384615,919.6686391,1247.715976,403.5739645,0.053826668,0.022839831,0.030986837,0.010022698,1284,18,51,97,146,212,254,311,464,498,622,746,984,1164,1257,1284,1284,1124,13488,14.1,Null,0,0.051131601,0.243,0.0015,54,0.0799,0.2,0.022,0.150860996,0.070093458
1400000US36029010808,36029010808,108.08,Erie,New York,31667,6.3,2593.028571,1070.651429,1522.377143,664.1866667,0.081884251,0.033809689,0.048074562,0.020974095,1417,45,45,73,159,181,217,302,387,436,554,705,943,1130,1248,1332,1417,1014,12168,11.5,Null,1,Null,0.209,0.0044,10,0.0111,0.22,0.024,Null,0.037402964
1400000US36029009302,36029009302,93.02,Erie,New York,33234,6.4,1756.367089,943.3670886,813,274.5189873,0.052848501,0.028385602,0.024462899,0.008260185,1358,128,326,420,501,599,715,790,909,935,1117,1208,1262,1305,1341,1350,1358,1021,12252,11.3,Null,0,Null,0.182,0,0,0,0.23,0.014,Null,0.015463918
1400000US36029011200,36029011200,112,Erie,New York,37959,7.4,1979.296188,892.6451613,1086.651026,448.6627566,0.052143001,0.023516035,0.028626967,0.011819667,2068,154,254,327,402,502,652,693,790,853,1101,1293,1697,1816,1945,2035,2068,1237,14844,4.6,Null,1,Null,0.236,0,10,0.0179,0.26,0.012,Null,0.011605416
1400000US36029015503,36029015503,155.03,Erie,New York,30262,6.2,2790.724269,1164.030496,1626.693774,779.2515883,0.092218765,0.038465088,0.053753677,0.025750168,1083,39,89,145,268,326,357,408,517,527,627,722,963,1036,1078,1078,1083,1110,13320,12,Null,1,Null,0.275,0.0083,4,0.0167,0.28,0.076,Null,0.000923361
1400000US36029009114,36029009114,91.14,Erie,New York,41305,8.3,1956.252874,990.6206897,965.6321839,315.4310345,0.047361164,0.02398307,0.023378094,0.007636631,1261,259,472,570,660,733,895,974,1033,1069,1126,1151,1185,1185,1203,1249,1261,1449,17388,5,Null,1,Null,0.237,0,4,0.0146,0.25,0.006,Null,0.011895321
1400000US36029017501,36029017501,175.01,Erie,New York,28829,6.1,4452,1020,3432,212,0.154427833,0.03538104,0.119046793,0.007353706,1133,194,356,492,578,614,658,749,843,869,919,983,1046,1046,1127,1133,1133,793,9516,18.2,Null,1,Null,0.1885,0.009,2,0.009,0.25,0.054,Null,0.0070609
1400000US36029012502,36029012502,125.02,Erie,New York,29210,6.1,2402.576687,906.6993865,1495.877301,641.2147239,0.082251855,0.031040718,0.051211137,0.021951891,2479,227,506,764,987,1002,1105,1264,1417,1538,1808,2034,2231,2298,2386,2440,2479,955,11460,15.7,Null,1,Null,0.229,0,2,0.0075,0.24,0.029,Null,0.014925373
1400000US36029000700,36029000700,7,Erie,New York,32877,6.4,2489.325714,1219.542857,1269.782857,347.6895238,0.075716328,0.037094104,0.038622224,0.010575464,1120,85,107,130,130,198,279,320,362,396,496,615,921,1016,1035,1120,1120,1088,13056,0.4,Null,0,0.13369345,0.222,0.0088,11,0.0241,0.23,0.019,0.121568003,0.040178571
1400000US36029014803,36029014803,148.03,Erie,New York,34429,7.1,2706.222222,1369.555556,1336.666667,610.6666667,0.078602987,0.039779127,0.03882386,0.017736985,1808,119,250,270,378,500,565,620,712,764,864,1006,1147,1294,1385,1549,1808,1446,17352,3.8,Null,0,Null,0.197,0,2,0.006,0.29,0.017,Null,0.001659292
1400000US36029015102,36029015102,151.02,Erie,New York,32440,6.3,2430.396476,1251.171806,1179.22467,204.3656388,0.074919743,0.038568798,0.036350945,0.006299804,1795,230,486,613,735,849,986,1098,1198,1336,1507,1550,1674,1725,1740,1788,1795,1175,14100,5.3,Null,0,Null,0.228,0,0,0,0.31,0.047,Null,0
1400000US36029014502,36029014502,145.02,Erie,New York,24508,5.1,2259.53121,954.5579618,1304.973248,275.8280255,0.092195659,0.038948831,0.053246828,0.011254612,1393,188,327,372,453,473,550,600,649,671,762,864,971,1052,1158,1287,1393,783,9396,29.9,Null,0,Null,0.268,0,6,0.0095,0.22,0.039,Null,0.096195262
1400000US36029008001,36029008001,80.01,Erie,New York,35015,7.2,3086.701987,1158.119205,1928.582781,598.9602649,0.088153705,0.033074945,0.05507876,0.017105819,1734,8,16,59,111,198,249,295,350,405,484,600,840,1013,1177,1474,1734,1026,12312,6.3,Null,1,Null,0.243,0,6,0.0127,0.24,0.009,Null,0.023644752
1400000US36029012002,36029012002,120.02,Erie,New York,37438,7.3,2280.987654,1120.691358,1160.296296,246.0967078,0.06092707,0.029934595,0.030992475,0.006573447,2185,141,298,443,610,713,885,1032,1125,1207,1432,1727,1939,2100,2156,2169,2185,1260,15120,3.2,Null,0,Null,0.322,0,6,0.0292,0.26,0.014,Null,0.004118993
1400000US36029013101,36029013101,131.01,Erie,New York,37060,7.3,1948.9718,917.5444685,1031.427332,242.6941432,0.052589633,0.02475835,0.027831283,0.006548682,2976,136,334,509,708,788,848,1129,1291,1420,1739,1976,2397,2692,2822,2941,2976,1317,15804,5.6,Null,1,Null,0.249,0.002,6,0.0122,0.25,0.004,Null,0.011760753
1400000US36029008202,36029008202,82.02,Erie,New York,26640,5.3,2790.724269,1164.030496,1626.693774,779.2515883,0.104756917,0.043694838,0.061062079,0.029251186,1300,41,66,108,175,202,273,322,347,389,455,708,872,1015,1112,1257,1300,857,10284,7.5,Null,0,Null,0.289,0.0034,5,0.0057,0.21,0.015,Null,0.07
1400000US36029006501,36029006501,65.01,Erie,New York,40025,8.2,2249.186441,958.5254237,1290.661017,558.2033898,0.056194539,0.023948168,0.032246371,0.013946368,973,42,136,170,263,357,416,437,504,519,570,639,709,778,816,880,973,947,11364,18.9,Null,0,0.081790123,0.31,0.0045,59,0.0668,0.18,0.008,0.127416,0.143884892
1400000US36029015504,36029015504,155.04,Erie,New York,30781,6.2,1869.931034,901.5632184,968.3678161,508.1609195,0.060749522,0.029289601,0.031459921,0.016508915,3215,109,247,247,456,537,627,894,970,1048,1311,1576,1972,2442,2760,3063,3215,1126,13512,8.8,Null,1,Null,0.275,0.0076,5,0.0191,0.28,0.125,Null,0
1400000US36029010103,36029010103,101.03,Erie,New York,33446,6.4,3433.627486,1708.990958,1724.636528,548.0072333,0.102661828,0.051097021,0.051564807,0.016384836,1864,78,135,208,249,320,385,439,494,551,754,959,1215,1400,1528,1750,1864,983,11796,9.6,Null,0,Null,0.243,0.0069,6,0.0138,0.23,0.044,Null,0.021995708
1400000US36029010600,36029010600,106,Erie,New York,31133,6.2,2776.930582,1279.02439,1497.906191,298.2645403,0.089195727,0.041082594,0.048113134,0.009580334,2871,140,195,276,377,410,594,701,898,955,1202,1679,2027,2369,2531,2737,2871,846,10152,7.2,Null,0,Null,0.231,0,3,0.0105,0.23,0.006,Null,0.011494253
1400000US36029009104,36029009104,91.04,Erie,New York,47252,9.3,1979.296188,892.6451613,1086.651026,448.6627566,0.041888093,0.018891161,0.022996932,0.009495106,1640,97,239,366,458,609,669,746,822,898,1000,1196,1446,1470,1530,1590,1640,1687,20244,4.6,Null,1,Null,0.274,0,6,0.0513,0.25,0.003,Null,0.006097561
1400000US36029005000,36029005000,50,Erie,New York,34493,7.1,2777.719626,1045.794393,1731.925234,647.6495327,0.080529952,0.030319033,0.050210919,0.01877626,3112,70,194,208,286,431,477,611,734,799,987,1312,1828,2256,2565,2896,3112,820,9840,25,Null,0,0.055054152,0.281,0.0035,35,0.061,0.21,0,0.068270798,0.00996144
1400000US36029008400,36029008400,84,Erie,New York,27489,5.3,1756.367089,943.3670886,813,274.5189873,0.063893452,0.034317985,0.029575467,0.009986503,2449,74,158,209,286,363,456,555,688,840,1136,1360,1793,2019,2146,2344,2449,932,11184,26.7,Null,1,0.058526741,0.324,0,5,0.0166,0.24,0,0.088965902,0.043282973
1400000US36029009106,36029009106,91.06,Erie,New York,36802,7.3,2030.742857,916.5362637,1114.206593,539.378022,0.055180231,0.024904523,0.030275708,0.014656215,2750,47,69,226,370,421,500,571,701,770,922,1104,1555,1861,2142,2477,2750,1206,14472,6.3,Null,0,Null,0.231,0,5,0.0191,0.25,0.007,Null,0.005090909
1400000US36029009800,36029009800,98,Erie,New York,33568,6.4,2953.090909,1483.022727,1470.068182,323.2982955,0.087973395,0.044179657,0.043793738,0.009631146,2006,107,119,131,155,232,289,324,430,493,648,972,1353,1678,1853,1955,2006,1018,12216,14.6,Null,0,Null,0.238,0.0035,2,0.007,0.23,0,Null,0.010468594
1400000US36029015101,36029015101,151.01,Erie,New York,31750,6.3,1964.4,973.5111111,990.8888889,364.6851852,0.061870866,0.030661767,0.031209099,0.011486148,1193,10,19,53,136,147,171,205,284,418,582,717,922,1035,1102,1156,1193,1435,17220,5.9,Null,0,Null,0.202,0,1,0.0058,0.3,0.021,Null,0
1400000US36029013900,36029013900,139,Erie,New York,45504,9.2,1944.19407,1053.606469,890.5876011,397.2722372,0.042725784,0.023154151,0.019571633,0.00873049,0,0,0,0,0,0,0,0,0,0,0,0,0,0,0,0,0,1376,16512,4.1,Null,1,Null,0.217,0,1,0.0055,0.26,0,Null,#DIV/0!
1400000US36029014901,36029014901,149.01,Erie,New York,33875,7.1,2776.930582,1279.02439,1497.906191,298.2645403,0.081975811,0.037757178,0.044218633,0.008804857,1336,62,90,142,195,253,315,340,381,454,496,682,968,1086,1186,1301,1336,1040,12480,13.6,Null,0,Null,0.258,0,0,0,0.26,0.012,Null,0.050898204
1400000US36029015301,36029015301,153.01,Erie,New York,36283,7.3,2128.428246,980.7744875,1147.653759,439.0318907,0.058661859,0.02703124,0.031630619,0.012100209,957,86,137,182,195,250,337,417,465,528,587,700,785,828,893,918,957,1368,16416,4.9,Null,1,Null,0.236,0.004,3,0.012,0.29,0.007,Null,0.013584117
1400000US36029013102,36029013102,131.02,Erie,New York,42234,8.3,1960.615385,894.7384615,1065.876923,433.5153846,0.046422678,0.021185265,0.025237414,0.010264606,788,121,202,272,342,443,495,534,548,568,641,669,724,742,759,774,788,1307,15684,4.5,Null,1,Null,0.187,0,3,0.0216,0.28,0.025,Null,0.006345178
1400000US36029015501,36029015501,155.01,Erie,New York,29337,6.1,2953.090909,1483.022727,1470.068182,323.2982955,0.100660971,0.050551274,0.050109697,0.011020155,1156,195,293,391,546,660,777,846,923,923,981,1050,1132,1148,1156,1156,1156,1071,12852,12.5,Null,0,Null,0.268,0.0086,3,0.0129,0.26,0.107,Null,0.051903114
1400000US36029009600,36029009600,96,Erie,New York,35869,7.2,2204.912863,810.6224066,1394.290456,219.5186722,0.061471267,0.022599526,0.03887174,0.006120011,2432,203,388,552,695,752,903,1052,1334,1409,1551,1939,2147,2312,2370,2370,2432,1397,16764,7.7,Null,0,Null,0.243,0,10,0.0072,0.21,0,Null,0.014391447
1400000US36029014204,36029014204,142.04,Erie,New York,37776,7.4,1754.766667,777.5,977.2666667,263.0694444,0.046451892,0.020581851,0.025870041,0.006963931,2354,380,628,701,770,912,969,1139,1326,1377,1647,1797,2062,2172,2261,2299,2354,1310,15720,6.2,Null,0,Null,0.228,0,1,0.0027,0.26,0.005,Null,0.002124044
1400000US36029014102,36029014102,141.02,Erie,New York,33555,6.4,2795.614148,1509.800643,1285.813505,813.9839228,0.083314384,0.044994804,0.03831958,0.024258201,1657,136,284,450,529,652,812,885,947,959,1067,1224,1403,1508,1520,1580,1657,1338,16056,3.4,Null,0,Null,0.238,0,6,0.0228,0.29,0.02,Null,0.0006035
1400000US36029011600,36029011600,116,Erie,New York,36970,7.3,2014.769231,1024.769231,990,225.4594017,0.05449741,0.027718941,0.026778469,0.006098442,1998,39,150,277,359,461,651,727,792,830,973,1240,1603,1792,1895,1982,1998,886,10632,2.9,Null,0,Null,0.255,0,3,0.0077,0.23,0.019,Null,0.011011011
1400000US36029006301,36029006301,63.01,Erie,New York,34219,7.1,2790.724269,1164.030496,1626.693774,779.2515883,0.081554817,0.034017081,0.047537736,0.022772483,1885,59,132,204,330,404,451,497,619,640,857,1032,1404,1635,1752,1851,1885,947,11364,23,Null,0,0.084468665,0.282,0.0048,78,0.0533,0.19,0.053,0.132852001,0.087002653
1400000US36029014501,36029014501,145.01,Erie,New York,34610,7.1,2593.028571,1070.651429,1522.377143,664.1866667,0.074921369,0.030934742,0.043986626,0.0191906,2149,317,528,640,748,845,947,1124,1242,1326,1560,1738,1874,2060,2120,2120,2149,1089,13068,7.9,Null,0,Null,0.239,0,4,0.0129,0.25,0.016,Null,0.02233597
1400000US36029008500,36029008500,85,Erie,New York,40000,8.2,2437.817232,1076.428198,1361.389034,215.1488251,0.060945431,0.026910705,0.034034726,0.005378721,1025,184,386,553,621,678,754,770,814,875,918,935,981,1013,1025,1025,1025,975,11700,5.7,Null,0,0.153979239,0.259,0.0025,7,0.0172,0.22,0.005,0.092275896,0.043902439
1400000US36029014400,36029014400,144,Erie,New York,31068,6.2,2471.824818,1373.167883,1098.656934,300.9124088,0.079561762,0.044198786,0.035362976,0.009685606,1211,467,690,780,804,877,944,952,959,1019,1082,1086,1166,1196,1211,1211,1211,942,11304,12.5,Null,0,Null,0.276,0.001,6,0.0061,0.23,0.024,Null,0.101568951
1400000US36029009004,36029009004,90.04,Erie,New York,50000,10.2,1946.018519,1017.888889,928.1296296,208.1882716,0.03892037,0.020357778,0.018562593,0.004163765,1526,52,105,139,171,199,280,314,374,421,514,613,859,1011,1156,1327,1526,1649,19788,1.6,Null,1,Null,0.145,0,1,0.0088,0.25,0.017,Null,0
1400000US36029013400,36029013400,134,Erie,New York,47156,9.3,2175.290323,1060.129032,1115.16129,359.5268817,0.046129662,0.022481318,0.023648344,0.007624202,2308,216,290,456,634,807,873,915,1118,1203,1439,1650,1968,2238,2295,2308,2308,1172,14064,2.7,Null,1,Null,0.316,0.0013,2,0.0027,0.25,0.007,Null,0.037261698
1400000US36029015002,36029015002,150.02,Erie,New York,36862,7.3,2780.420339,1274.074576,1506.345763,352.5322034,0.075427821,0.03456336,0.040864461,0.009563567,3256,27,146,296,416,488,650,702,745,804,1045,1443,1772,2148,2384,2800,3256,1392,16704,9.8,Null,0,Null,0.198,0,0,0,0.3,0.004,Null,0.000921376
1400000US36029013800,36029013800,138,Erie,New York,36888,7.3,1711.231788,827.8675497,883.3642384,232.9713024,0.046389931,0.022442733,0.023947198,0.006315639,1734,109,253,359,498,531,602,634,688,728,909,1017,1293,1490,1573,1667,1734,1665,19980,6.6,Null,0,Null,0.263,0.0018,6,0.011,0.29,0.024,Null,0.012110727
1400000US36029013300,36029013300,133,Erie,New York,40581,8.2,2430.396476,1251.171806,1179.22467,204.3656388,0.05989001,0.030831468,0.029058541,0.005035993,2649,47,79,282,430,561,812,889,1139,1225,1426,1645,1979,2273,2476,2619,2649,1184,14208,3.4,Null,0,Null,0.265,0,7,0.018,0.25,0.022,Null,0.006417516
1400000US36029011000,36029011000,110,Erie,New York,30709,6.2,2147.28,798.2742857,1349.005714,252.0914286,0.069923475,0.025994799,0.043928676,0.008209041,1085,64,115,234,350,366,433,523,549,596,685,877,936,981,1026,1066,1085,962,11544,19.2,Null,0,0.127686473,0.22,0,4,0.0169,0.23,0.013,0.091050196,0.0359447
1400000US36029014209,36029014209,142.09,Erie,New York,36492,7.3,2706.222222,1369.555556,1336.666667,610.6666667,0.074159329,0.037530296,0.036629033,0.016734261,1461,86,182,232,320,345,435,517,652,663,755,908,1098,1232,1291,1410,1461,1482,17784,1.6,Null,1,Null,0.1505,0.0094,2,0.0188,0.26,0.016,Null,0.014373717
1400000US36029015202,36029015202,152.02,Erie,New York,38068,7.4,2828.873684,1384.010526,1444.863158,264.3921053,0.074311067,0.036356271,0.037954796,0.006945259,1802,19,69,126,153,280,473,571,704,786,917,1157,1413,1588,1713,1795,1802,1341,16092,3.3,Null,0,Null,0.22,0.0068,4,0.009,0.28,0.035,Null,0.01609323
1400000US36029007903,36029007903,79.03,Erie,New York,37057,7.3,2730.096257,1237.73262,1492.363636,525.6524064,0.073672889,0.033400778,0.040272112,0.014184969,2158,126,235,325,466,515,626,722,782,831,1005,1243,1454,1848,2009,2087,2158,1076,12912,3.1,Null,1,Null,0.242,0,2,0.0136,0.24,0.02,Null,0.011121409
1400000US36029015401,36029015401,154.01,Erie,New York,34346,7.1,2101.250965,986.2702703,1114.980695,329.4671815,0.061178914,0.028715724,0.032463189,0.009592592,2091,79,189,251,387,441,526,564,683,786,873,1091,1462,1810,1940,2042,2091,1107,13284,10.1,Null,0,Null,0.164,0,2,0.0118,0.26,0.07,Null,0
1400000US36029010003,36029010003,100.03,Erie,New York,32005,6.3,2790.724269,1164.030496,1626.693774,779.2515883,0.087196509,0.03637027,0.050826239,0.024347808,1570,33,139,207,242,300,497,525,602,713,842,1068,1256,1404,1460,1548,1570,897,10764,12.1,Null,0,Null,0.25,0.0062,6,0.0123,0.23,0.081,Null,0.030573248
1400000US36029014101,36029014101,141.01,Erie,New York,38617,7.4,1979.296188,892.6451613,1086.651026,448.6627566,0.05125453,0.023115342,0.028139188,0.011618271,2061,161,260,337,451,601,647,747,818,872,1055,1446,1647,1814,1879,1975,2061,1604,19248,3.5,Null,0,Null,0.234,0,3,0.0135,0.29,0.011,Null,0.001455604
1400000US36029010804,36029010804,108.04,Erie,New York,32273,6.3,2476.476923,1135.015385,1341.461538,469.0923077,0.076735256,0.035169194,0.041566063,0.014535132,1286,116,124,200,265,304,340,379,451,506,700,785,956,1104,1198,1249,1286,1238,14856,4.1,Null,1,Null,0.2679,0,5,0.0111,0.25,0.011,Null,0.014774495
1400000US36029010201,36029010201,102.01,Erie,New York,38326,7.4,1697.630769,777.0461538,920.5846154,742.55,0.044294494,0.020274648,0.024019846,0.019374576,1674,74,137,194,256,284,294,342,342,417,656,710,1030,1240,1385,1586,1674,1081,12972,8.7,Null,0,0.158273381,0.228,0.0042,6,0.025,0.23,0.007,0.128262997,0.026284349
1400000US36029013502,36029013502,135.02,Erie,New York,53626,10.3,2102.433333,1095.433333,1007,439.0194444,0.039205485,0.02042728,0.018778205,0.00818669,2076,401,535,577,648,709,854,965,996,1076,1285,1591,1778,1849,1922,1997,2076,1808,21696,2.2,Null,1,Null,0.167,0,5,0.0856,0.28,0.018,Null,0.004816956
1400000US36029005400,36029005400,54,Erie,New York,39383,8.1,1951.863354,1015.937888,935.9254658,306.2639752,0.049561063,0.025796356,0.023764707,0.007776553,1947,64,164,254,307,367,409,466,514,555,659,791,1037,1353,1594,1783,1947,1098,13176,12.8,Null,0,0.098732841,0.232,0.003,39,0.0394,0.2,0,0.142398005,0.08988187
1400000US36029000600,36029000600,6,Erie,New York,33818,7.1,1956.252874,990.6206897,965.6321839,315.4310345,0.057846498,0.029292705,0.028553793,0.009327312,1748,18,137,228,287,351,413,505,623,712,950,1150,1405,1591,1676,1740,1748,806,9672,14.4,Null,1,0.147800297,0.279,0.0078,19,0.0296,0.23,0.005,0.118431997,0.058352403
1400000US36029016500,36029016500,165,Erie,New York,40034,8.2,1670.056266,774.2608696,895.7953964,168.6163683,0.041715948,0.019340083,0.022375865,0.004211829,1081,70,107,238,263,292,389,409,431,479,605,773,868,985,1027,1061,1081,940,11280,38.9,Null,0,0.048316252,0.2983,0,37,0.0764,0.16,0,0.0504807,0.019426457
1400000US36029010809,36029010809,108.09,Erie,New York,38854,8.1,3523.902439,1400.487805,2123.414634,609.7398374,0.090696001,0.036044881,0.05465112,0.015693103,1110,10,91,103,171,253,299,401,481,581,641,758,930,1052,1060,1103,1110,1244,14928,1.5,Null,1,Null,0.209,0,0,0,0.25,0.02,Null,0.006306306
1400000US36029007904,36029007904,79.04,Erie,New York,36117,7.2,2717.484029,1320.412776,1397.071253,242.968059,0.075241134,0.036559315,0.038681819,0.006727249,3115,75,294,430,556,751,810,882,973,1128,1276,1675,2268,2556,2754,2975,3115,1140,13680,7.3,Null,0,Null,0.231,0,1,0.009,0.24,0.008,Null,0.005136437
1400000US36029014701,36029014701,147.01,Erie,New York,45286,9.2,2790.724269,1164.030496,1626.693774,779.2515883,0.061624437,0.025703981,0.035920456,0.01720734,2150,130,259,378,443,526,696,800,815,884,1159,1402,1772,1993,2103,2150,2150,1782,21384,4.8,Null,0,Null,0.282,0,6,0.0299,0.29,0.011,Null,0
1400000US36029015201,36029015201,152.01,Erie,New York,34986,7.1,1951.863354,1015.937888,935.9254658,306.2639752,0.05578984,0.029038412,0.026751428,0.008753901,2056,70,110,136,255,299,413,490,586,632,743,1008,1393,1631,1775,1931,2056,1322,15864,5.3,Null,0,Null,0.144,0,0,0,0.3,0.023,Null,0.003404669
1400000US36029013702,36029013702,137.02,Erie,New York,40902,8.2,1979.296188,892.6451613,1086.651026,448.6627566,0.048391184,0.021823998,0.026567186,0.010969213,1466,30,174,278,443,485,511,595,644,724,797,982,1140,1333,1396,1432,1466,1687,20244,2.9,Null,1,Null,0.249,0,5,0.0067,0.25,0.023,Null,0.02319236
1400000US36029009402,36029009402,94.02,Erie,New York,46010,9.2,2834.089552,1082.149254,1751.940299,633.7064677,0.061597252,0.023519871,0.038077381,0.013773233,2645,67,157,258,334,419,521,581,678,766,969,1182,1645,2003,2235,2484,2645,1479,17748,3.6,Null,1,Null,0.181,0,3,0.0123,0.24,0.004,Null,0.021550095
1400000US36029013202,36029013202,132.02,Erie,New York,41588,8.3,2648.251889,1324.654912,1323.596977,430.2594458,0.06367827,0.031851854,0.031826416,0.010345759,1169,52,94,103,151,167,197,247,273,334,463,556,745,864,934,1019,1169,1491,17892,4.1,Null,1,Null,0.22,0.0075,4,0.01,0.27,0.012,Null,0.041916168
1400000US36029008102,36029008102,81.02,Erie,New York,43117,8.4,1790.808917,779.4267516,1011.382166,222.5111465,0.041533709,0.018077017,0.023456691,0.005160636,2572,61,116,227,365,510,659,755,933,1028,1269,1709,2019,2229,2493,2545,2572,1326,15912,5.9,Null,0,Null,0.28,0.0141,5,0.0141,0.24,0.029,Null,0.016329705
1400000US36029014601,36029014601,146.01,Erie,New York,37872,7.4,2437.817232,1076.428198,1361.389034,215.1488251,0.06436991,0.028422798,0.035947112,0.005680947,851,21,50,79,140,162,195,240,301,350,436,570,651,768,817,851,851,1277,15324,4,Null,0,Null,0.247,0,5,0.0116,0.25,0.029,Null,0.047003525
1400000US36029014207,36029014207,142.07,Erie,New York,42472,8.3,2593.028571,1070.651429,1522.377143,664.1866667,0.06105266,0.025208406,0.035844254,0.015638224,1347,207,346,417,447,527,652,731,853,872,961,1052,1219,1289,1289,1325,1347,1363,16356,4.9,Null,0,Null,0.25,0.0036,8,0.0145,0.25,0.01,Null,0.012620638
1400000US36029009008,36029009008,90.08,Erie,New York,38592,7.4,1948.9718,917.5444685,1031.427332,242.6941432,0.050501964,0.02377551,0.026726454,0.006288716,2680,205,406,528,606,677,760,1019,1126,1268,1435,1664,2078,2295,2480,2635,2680,1869,22428,3,Null,0,Null,0.46,0,8,0.0107,0.22,0.044,Null,0.003731343
1400000US36029013600,36029013600,136,Erie,New York,43411,8.4,2793.473684,1550.447368,1243.026316,220.7401316,0.064349443,0.035715541,0.028633902,0.005084889,1981,52,120,245,356,476,532,601,696,788,988,1237,1536,1724,1822,1926,1981,1327,15924,3.7,Null,1,Null,0.285,0.0022,1,0.0022,0.24,0,Null,0.010095911
1400000US36029007304,36029007304,73.04,Erie,New York,43281,8.4,2014.769231,1024.769231,990,225.4594017,0.046550894,0.023677115,0.022873778,0.0052092,3230,222,389,534,792,966,1013,1242,1294,1557,1836,2234,2655,2870,3055,3170,3230,1769,21228,1.9,Null,1,Null,0.246,0,1,0.0056,0.28,0.01,Null,0.004334365
1400000US36029004800,36029004800,48,Erie,New York,47049,9.3,2204.912863,810.6224066,1394.290456,219.5186722,0.046864181,0.017229323,0.029634858,0.004665746,1029,17,101,195,224,306,343,398,453,490,655,777,831,914,959,995,1029,1106,13272,5,Null,0,0.100601422,0.27,0.0014,24,0.0344,0.21,0.027,0.103275995,0.052478134
1400000US36029014208,36029014208,142.08,Erie,New York,44592,9.1,2731.520891,1489.604457,1241.916435,303.8245125,0.061255851,0.033405195,0.027850656,0.006813431,1654,156,270,428,611,763,934,958,1025,1113,1249,1412,1554,1612,1646,1654,1654,1608,19296,2.3,Null,0,Null,0.15,0,4,0.0258,0.28,0.01,Null,0.019951632
1400000US36029016100,36029016100,161,Erie,New York,47045,9.2,1634.469136,914.617284,719.8518519,228.9176955,0.034742675,0.019441328,0.015301347,0.00486593,1730,270,479,639,757,901,1030,1131,1232,1327,1419,1489,1589,1688,1707,1707,1730,0,0,11.1,Null,1,Null,0.264,0,0,0,0.3,0.222,Null,0
1400000US36029014603,36029014603,146.03,Erie,New York,51491,10.2,2203.217391,1154.956522,1048.26087,218.7826087,0.042788398,0.02243026,0.020358138,0.004248949,2000,116,202,282,390,488,605,701,763,804,1056,1320,1686,1837,1928,1979,2000,2059,24708,1.9,Null,1,Null,0.172,0,3,0.0417,0.27,0.013,Null,0.0035
1400000US36029009006,36029009006,90.06,Erie,New York,41203,8.2,2706.222222,1369.555556,1336.666667,610.6666667,0.065680223,0.033239219,0.032441003,0.014820927,2466,248,280,344,419,499,670,781,1008,1144,1339,1522,1823,2100,2335,2440,2466,1492,17904,4,Null,0,Null,0.217,0.0017,7,0.0117,0.23,0.013,Null,0.00567721
1400000US36029014206,36029014206,142.06,Erie,New York,48688,9.4,2111.60177,1020.132743,1091.469027,482.5884956,0.043370066,0.020952447,0.022417619,0.009911857,637,65,73,106,122,152,214,285,329,347,378,428,519,595,618,622,637,1973,23676,2.6,Null,1,Null,0.25,0,3,0.042,0.28,0,Null,0.004709576
1400000US36029009501,36029009501,95.01,Erie,New York,53996,10.3,2648.251889,1324.654912,1323.596977,430.2594458,0.049045335,0.024532464,0.024512871,0.007968358,2403,28,28,86,141,152,220,235,275,337,385,499,822,1080,1394,1800,2403,1589,19068,3.1,Null,0,0.058037771,0.223,0.0047,8,0.0379,0.24,0.01,0.231942997,0.01414898
1400000US36029009010,36029009010,90.1,Erie,New York,52583,10.3,1697.630769,777.0461538,920.5846154,742.55,0.032284783,0.014777517,0.017507267,0.014121484,1903,263,385,588,635,863,1027,1068,1135,1216,1372,1508,1750,1793,1845,1894,1903,1845,22140,9,Null,1,Null,0.25,0.0031,2,0.0062,0.25,0.028,Null,0.001576458
1400000US36029017300,36029017300,173,Erie,New York,42048,8.3,3106.575251,1750.900334,1355.674916,351.1401338,0.073881641,0.041640514,0.032241127,0.008350935,1684,306,616,702,848,969,1037,1152,1211,1278,1364,1476,1546,1570,1619,1655,1684,1342,16104,3.5,Null,1,Null,0.2491,0,3,0.0072,0.26,0.014,Null,0.029691211
1400000US36029009009,36029009009,90.09,Erie,New York,56320,10.4,1636.656716,811.1641791,825.4925373,110.2985075,0.029059956,0.014402773,0.014657183,0.001958425,2993,134,209,308,392,471,566,641,804,886,1221,1427,1905,2431,2718,2856,2993,1696,20352,4.1,Null,0,Null,0.25,0.0069,4,0.0138,0.26,0.004,Null,0
1400000US36029009113,36029009113,91.13,Erie,New York,51649,10.2,2549.992238,948.3415265,1601.650712,211.7115136,0.04937157,0.018361276,0.031010295,0.004099044,2325,138,287,353,411,437,543,588,614,754,833,1129,1436,1751,1969,2162,2325,1802,21624,3.6,Null,1,Null,0.252,0.0122,5,0.0609,0.26,0.007,Null,0.00344086
1400000US36029014604,36029014604,146.04,Erie,New York,56411,10.4,1955.742489,988.944206,966.7982833,405.7896996,0.034669523,0.017531053,0.017138471,0.00719345,883,28,36,92,157,188,221,233,283,339,446,577,760,840,854,877,883,2133,25596,1.7,Null,1,Null,0.172,0,4,0.0152,0.27,0.031,Null,0
1400000US36029009007,36029009007,90.07,Erie,New York,64164,11.3,2014.769231,1024.769231,990,225.4594017,0.031400306,0.015971093,0.015429213,0.003513799,2446,47,82,330,483,593,813,908,1039,1151,1311,1547,1943,2148,2252,2415,2446,2216,26592,3.9,Null,1,Null,0.18,0,8,0.1207,0.26,0.01,Null,0.009811938
